node1	label	node2	id	node1;label	node1;linkTarget
entity:00dc3cab-0e7b-4020-a728-58bdfa65da1c	rdf:type	ldc:VAL	isi:gaia/assertions/85a6b0ff-e5b5-4bb5-94ba-8a86ab40ed7a		
entity:01a3f70d-b035-4717-b1ca-9eb2f20ff861	rdf:type	ldc:PER	rpi:finegrainedtype/01a3f70d-b035-4717-b1ca-9eb2f20ff861/HC00002Z8/4313/4318/PER		
entity:0289e355-3df3-4cf4-a76e-9369b4ee3a6f	rdf:type	ldc:VAL.Number.Number	isi:gaia/assertions/eec6fb9d-23de-44bd-b922-4a08958c257d	"eleven"	
entity:052062d3-3a68-4f65-862b-56258ac68a0e	rdf:type	ldc:VAL.Number.Number	isi:gaia/assertions/2958ef28-ca2c-41de-8b0b-e613c3bb1845	"27"	
entity:0656fa46-811a-4f61-892a-fce3a8f305cd	rdf:type	ldc:VAL.Number.Number	isi:gaia/assertions/74786ace-6cd2-4bb0-88a2-0f253d8b4b40	"42"	
entity:07baa852-5f32-43cd-93b9-00b6b19f65da	rdf:type	ldc:PER	rpi:finegrainedtype/07baa852-5f32-43cd-93b9-00b6b19f65da/HC00002Z8/5541/5552/PER		
entity:07c375c1-d44d-4cd7-8ffd-e1522c3ccf43	rdf:type	ldc:VAL.Number.Number	isi:gaia/assertions/6c4087dc-e21e-4c07-a159-2ac8fa85ae09	"26"	
entity:10147d53-19e3-4b20-b144-02077ba0f2ac	rdf:type	ldc:PER	rpi:finegrainedtype/10147d53-19e3-4b20-b144-02077ba0f2ac/HC00002Z8/6179/6184/PER		
entity:10a7f87c-d055-4e8c-85a7-86185bd8e80f	rdf:type	ldc:VEH.WheeledVehicle	rpi:finegrainedtype/10a7f87c-d055-4e8c-85a7-86185bd8e80f/HC00002Z8/6768/6775/VEH_WheeledVehicle		
entity:10f2d5d1-d05b-448c-b75c-00ea249c7b37	rdf:type	ldc:VAL	isi:gaia/assertions/9c6c6bae-f867-435e-82b0-810b9ebe4c76	"12 April"	
entity:15d427cc-4c68-4ba8-986e-cc1008feb03e	rdf:type	ldc:VAL.Number.Number	isi:gaia/assertions/50db2701-1155-4e98-b338-77fd4e34aecf	"22"	
entity:16c96b48-fceb-4a5c-9420-75ffb0299ed1	rdf:type	ldc:PER.Police	rpi:finegrainedtype/16c96b48-fceb-4a5c-9420-75ffb0299ed1/HC00002Z8/2433/2438/PER_Police		
entity:175d4f4f-f278-437c-94a1-4ba29d8d7628	rdf:type	ldc:VAL	isi:gaia/assertions/2bea2bdf-b864-497f-a3bc-f64902bcac39		
entity:17a0b1f8-65a6-4926-8599-df76f07f7d33	rdf:type	ldc:VAL.Number.Number	isi:gaia/assertions/b9468ede-e4ab-40d3-a628-e9691bc9e168	"30"	
entity:18a733f2-5952-4e28-aa9b-38695025fb5c	rdf:type	ldc:SID	rpi:finegrainedtype/18a733f2-5952-4e28-aa9b-38695025fb5c/HC00002Z8/4219/4229/SID	"pro-Russian"	"LDC2019E43:80000303"
entity:1b830dbf-e5ed-4406-bccf-e29610820c5a	rdf:type	ldc:PER.MilitaryPersonnel	rpi:finegrainedtype/1b830dbf-e5ed-4406-bccf-e29610820c5a/HC00002Z8/3094/3098/PER_MilitaryPersonnel		
entity:1d3a1800-b45e-4053-a9e2-c8cfd86c2cd0	rdf:type	ldc:ORG.Government.Council	rpi:finegrainedtype/1d3a1800-b45e-4053-a9e2-c8cfd86c2cd0/HC00002Z8/1457/1463/ORG_Government_Council		
entity:1d3a1800-b45e-4053-a9e2-c8cfd86c2cd0	rdf:type	ldc:ORG.Government.LegislativeBody	rpi:finegrainedtype/1d3a1800-b45e-4053-a9e2-c8cfd86c2cd0/HC00002Z8/1457/1463/ORG_Government_LegislativeBody		
entity:1ff9bb01-1398-46fd-b68b-bebd9dc5fe5e	rdf:type	ldc:GPE.Country.Country	rpi:finegrainedtype/1ff9bb01-1398-46fd-b68b-bebd9dc5fe5e/HC00002Z8/4825/4853/GPE_Country_Country	"Donetsk People's Republic"|"the Donetsk People's Republic"	
entity:217b2951-ffde-4d53-964b-ed448c2b9689	rdf:type	ldc:VAL.Number.Number	isi:gaia/assertions/cec084f2-73c6-4927-8263-602368a34d84	"one"	
entity:220faf68-9373-419f-a96c-043fc423e112	rdf:type	ldc:PER	rpi:finegrainedtype/220faf68-9373-419f-a96c-043fc423e112/HC00002Z8/1618/1631/PER		
entity:23892484-bbe3-413f-9c36-04f04a38205d	rdf:type	ldc:WEA.Bomb.Grenade	rpi:finegrainedtype/23892484-bbe3-413f-9c36-04f04a38205d/HC00002Z8/5477/5483/WEA_Bomb_Grenade		
entity:23892484-bbe3-413f-9c36-04f04a38205d	rdf:type	ldc:WEA.MissileSystem.MissileLauncher	rpi:finegrainedtype/23892484-bbe3-413f-9c36-04f04a38205d/HC00002Z8/5477/5483/WEA_MissileSystem_MissileLauncher		
entity:25d5cf81-2ddf-45b1-88a8-81fec424a148	rdf:type	ldc:VAL	isi:gaia/assertions/d5140b18-601c-4953-808e-86fc651a1760		
entity:272ee6a1-9c6e-4749-b0e1-d65df27a9992	rdf:type	ldc:PER	rpi:finegrainedtype/272ee6a1-9c6e-4749-b0e1-d65df27a9992/HC00002Z8/5007/5011/PER		
entity:28468fad-8181-4e35-a1f3-7d9e30c435c9	rdf:type	ldc:VAL.Number.Number	isi:gaia/assertions/32cc33a8-b92e-4dc0-b0df-02bdfb15d54f	"2"	
entity:28591bdd-1e5e-4cc5-a14c-fbd3b8990a3b	rdf:type	ldc:VEH.WheeledVehicle.Bus	rpi:finegrainedtype/28591bdd-1e5e-4cc5-a14c-fbd3b8990a3b/HC00002Z8/7053/7055/VEH_WheeledVehicle_Bus		
entity:28e26e4c-3df3-41b2-b6bf-e9c1ca7a80b7	rdf:type	ldc:VAL	isi:gaia/assertions/3a21f885-9b98-48c9-9aef-c9b6b10c4a01	"15 April"	
entity:29895373-9890-4bec-b12f-966e7744f284	rdf:type	ldc:ORG.MilitaryOrganization	rpi:finegrainedtype/29895373-9890-4bec-b12f-966e7744f284/HC00002Z8/5243/5246/ORG_MilitaryOrganization		
entity:2b61ca0b-0f60-4da0-9807-02f590b62aeb	rdf:type	ldc:PER	rpi:finegrainedtype/2b61ca0b-0f60-4da0-9807-02f590b62aeb/HC00002Z8/6914/6916/PER		
entity:2d25b24e-be24-413c-84ad-20478e0b0072	rdf:type	ldc:GPE.UrbanArea.City	rpi:finegrainedtype/2d25b24e-be24-413c-84ad-20478e0b0072/HC00002Z8/3734/3737/GPE_UrbanArea_City	"Kiev"	"LDC2019E43:703446"|"LDC2019E43:703447"|"LDC2019E43:703448"
entity:2de03f86-234c-4733-a2d6-70497c910e6c	rdf:type	ldc:LOC.Position.Region	rpi:finegrainedtype/2de03f86-234c-4733-a2d6-70497c910e6c/HC00002Z8/806/812/LOC_Position_Region	"Donbass"	"LDC2019E43:10973184"|"LDC2019E43:496266"|"LDC2019E43:709718"
entity:31ba0db6-8177-4adf-ba07-0f92553ddfb2	rdf:type	ldc:VAL.Number.Number	isi:gaia/assertions/9c49eba0-4143-4164-990b-066c588fc097	"fifty"	
entity:33feff4d-0237-4817-9981-eefd87b46270	rdf:type	ldc:VAL.Number.Number	isi:gaia/assertions/08895b33-e15f-48b3-82f4-c212fca018ee	"Two"	
entity:34507cd8-b28a-47a6-acab-1dcc2b308d46	rdf:type	ldc:VAL.Number.Number	isi:gaia/assertions/4ee0d956-967e-4e6f-870b-dfa61fba1e8b	"five"	
entity:3555a49c-1f1c-4474-b24f-744fed18a2d1	rdf:type	ldc:GPE.UrbanArea.City	isi:gaia/assertions/c1e7af27-6b72-426d-b890-134e17346d89		
entity:35d37f9c-97ff-4e5c-9584-b7b765ac3143	rdf:type	ldc:ORG.MilitaryOrganization	isi:gaia/assertions/c3ac0cb3-3ed7-4417-ac6b-aefd948a07a5		
entity:36c10b9e-bac1-4c94-af30-21ed090020dc	rdf:type	ldc:VAL.Number.Number	isi:gaia/assertions/28bb4142-e77e-4bf0-ba9b-fcf51c659e15	"seven"	
entity:37144e8e-64b0-49f0-beda-723f86464065	rdf:type	ldc:VAL	isi:gaia/assertions/1ca8729b-e8fd-4d1f-aa2e-c09133934f36	"2014"	
entity:3827493a-d3b5-4907-9b88-4e9a097f3452	rdf:type	ldc:VAL.Number.Number	isi:gaia/assertions/f85e15da-b93f-4b32-8eed-48e21cdaa493	"six"	
entity:3869e209-9fe2-4d28-9122-f28ed93ba1a1	rdf:type	ldc:VAL.Number.Number	isi:gaia/assertions/03da071a-5c7f-4369-8498-64d1a9871d82	"one"	
entity:3ad8c95f-e2f2-41bf-82a2-f8fcf5453ee7	rdf:type	ldc:COM.Flag.Flag	isi:gaia/assertions/5b7926eb-21d2-4a6a-8332-dfe250eb8536		
entity:3bf8696c-463a-4d45-a9b6-2ecf05fe7240	rdf:type	ldc:VAL.Number.Number	isi:gaia/assertions/9fa6e3ad-64ab-46cf-bb03-c20a3555a330	"38"	
entity:3d73e7e9-6e3f-4662-85a1-259523e0d4b8	rdf:type	ldc:VAL	isi:gaia/assertions/63231d8a-35b2-4a9f-a1d1-118c2a4dbb89		
entity:43fa1d50-538d-466b-8672-f11255732b37	rdf:type	ldc:GPE	rpi:finegrainedtype/43fa1d50-538d-466b-8672-f11255732b37/HC00002Z8/7565/7572/GPE		
entity:44fecf78-f183-44e6-9156-e7100850e946	rdf:type	ldc:VAL	isi:gaia/assertions/4a262d0b-963f-4d89-9ad7-991ba3bbfefa		
entity:46f05b2c-ded3-4f10-ba81-69ef092a5c9c	rdf:type	ldc:GPE.UrbanArea.City	rpi:finegrainedtype/46f05b2c-ded3-4f10-ba81-69ef092a5c9c/HC00002Z8/7610/7617/GPE_UrbanArea_City		
entity:48c6329b-e20e-46ce-9e3d-f34c10cd78d0	rdf:type	ldc:VAL.Number.Number	isi:gaia/assertions/33dbcb19-2a7d-4bf2-8b09-c7b655c466de	"ten"	
entity:4960dbc6-a5b1-42e9-b240-ba7523f12131	rdf:type	ldc:VAL.Number.Number	isi:gaia/assertions/ce0f186b-9286-46cd-85cb-106c09ed116e	"8"	
entity:4b073d9d-5773-446a-8116-8a07d8b1444a	rdf:type	ldc:TTL	isi:gaia/assertions/6ecf9884-abd8-4a25-a184-c859afa02e87	"mayor"	
entity:4bc38ee5-ccdc-4edf-a2aa-94d0fc0575d1	rdf:type	ldc:VAL	isi:gaia/assertions/175ba967-d249-4c84-adfb-4daf33a047a9		
entity:4e5e87d7-a219-4194-b15c-160cb1cd140b	rdf:type	ldc:VAL.Number.Number	isi:gaia/assertions/9a85917c-d8e3-4cdc-a1bf-699814e4269e	"thirty"	
entity:51342dc1-6288-42d5-b81d-c603b6a73a5e	rdf:type	ldc:WEA	rpi:finegrainedtype/51342dc1-6288-42d5-b81d-c603b6a73a5e/HC00002Z8/3105/3111/WEA		
entity:52b685b7-ee78-496c-b1c2-b1d7d017f324	rdf:type	ldc:WEA.ThrownProjectile	rpi:finegrainedtype/52b685b7-ee78-496c-b1c2-b1d7d017f324/HC00002Z8/3568/3573/WEA_ThrownProjectile		
entity:534f1a0b-4e5d-4df3-862e-585177438080	rdf:type	ldc:ORG.MilitaryOrganization.GovernmentArmedForces	isi:gaia/assertions/90cfd41f-7726-4101-acaf-41ce13082df2		
entity:53c53769-31f6-47c5-b578-fdad5a4211eb	rdf:type	ldc:TTL	isi:gaia/assertions/2cc65f35-a6b7-4d3e-b238-e56137b2fbd8	"representative"	
entity:54c8479e-3ada-442a-92f0-0f1d7d20ce22	rdf:type	ldc:VAL.Number.Number	isi:gaia/assertions/16040fa1-a11c-4bdc-8740-a9e019dd9305	"25"	
entity:56679bf9-62f2-466e-aef4-0a157ec18a52	rdf:type	ldc:PER.ProfessionalPosition.Minister	rpi:finegrainedtype/56679bf9-62f2-466e-aef4-0a157ec18a52/HC00002Z8/7407/7423/PER_ProfessionalPosition_Minister	"Alexander Borodai"	
entity:56b66d92-5a6b-45f2-bd30-05946558aeda	rdf:type	ldc:VAL	isi:gaia/assertions/35e2109c-1309-42e7-b034-9efce78a0f51	"25 April 2014"	
entity:57651240-c57c-42a9-83e2-40cfa5e3e5c8	rdf:type	ldc:TTL	isi:gaia/assertions/59a3483c-182e-414c-b165-8814bea9da54	"police chief"	
entity:58057908-676d-48fd-a44a-98b2e265957a	rdf:type	ldc:VAL	isi:gaia/assertions/355df079-d7e9-40ac-acc5-a6313181fb8d		
entity:583142c8-fb24-4133-9674-dc110c2e2d0a	rdf:type	ldc:VAL.Number.Number	isi:gaia/assertions/34c47d22-891d-415f-bbd5-c5f3e1eea59c	"16"	
entity:584ecaed-6832-489c-8e45-2e63a460ab90	rdf:type	ldc:LOC.Position.Region	rpi:finegrainedtype/584ecaed-6832-489c-8e45-2e63a460ab90/HC00002Z8/6140/6148/LOC_Position_Region		
entity:5b873d51-fe0b-4d58-9096-3d9a10b231c5	rdf:type	ldc:VAL.Number.Number	isi:gaia/assertions/cc7363e1-16ab-4923-b93f-31d0f7ba1dab	"one"	
entity:5c64e1a6-d96a-41ef-b584-2c3c30757bf4	rdf:type	ldc:FAC.Building	rpi:finegrainedtype/5c64e1a6-d96a-41ef-b584-2c3c30757bf4/HC00002Z8/6441/6450/FAC_Building		
entity:5c64e1a6-d96a-41ef-b584-2c3c30757bf4	rdf:type	ldc:FAC.GeographicalArea.Checkpoint	rpi:finegrainedtype/5c64e1a6-d96a-41ef-b584-2c3c30757bf4/HC00002Z8/6441/6450/FAC_GeographicalArea_Checkpoint		
entity:5d2e302f-02fd-43e3-a52f-96fd3587f3fb	rdf:type	ldc:VAL	isi:gaia/assertions/cd8b543e-f9c9-4af7-b759-3ed1dbd7c550		
entity:5d6629ee-be36-4445-8a35-3be47b8ee97a	rdf:type	ldc:ORG.Government.Agency	rpi:finegrainedtype/5d6629ee-be36-4445-8a35-3be47b8ee97a/HC00002Z8/4446/4448/ORG_Government_Agency	"SBU"|"Security Service of Ukraine"	"LDC2019E43:80000066"
entity:5d6629ee-be36-4445-8a35-3be47b8ee97a	rdf:type	ldc:ORG.Government.LawEnforcementAgency	rpi:finegrainedtype/5d6629ee-be36-4445-8a35-3be47b8ee97a/HC00002Z8/4446/4448/ORG_Government_LawEnforcementAgency	"SBU"|"Security Service of Ukraine"	"LDC2019E43:80000066"
entity:5d6629ee-be36-4445-8a35-3be47b8ee97a	rdf:type	ldc:ORG.MilitaryOrganization.Intelligence	rpi:finegrainedtype/5d6629ee-be36-4445-8a35-3be47b8ee97a/HC00002Z8/4446/4448/ORG_MilitaryOrganization_Intelligence	"SBU"|"Security Service of Ukraine"	"LDC2019E43:80000066"
entity:5d95782a-bd8d-4b89-a91e-8254afe84e49	rdf:type	ldc:PER	rpi:finegrainedtype/5d95782a-bd8d-4b89-a91e-8254afe84e49/HC00002Z8/3780/3784/PER		
entity:5dcfa87d-6d4e-495f-b7fd-01e651ca4d56	rdf:type	ldc:VAL.Number.Number	isi:gaia/assertions/2268c87b-4c3a-4f60-abd8-8b1eaa235346	"31"	
entity:5e98ceaf-472d-43ed-a08d-77484a1adf2f	rdf:type	ldc:PER.Combatant	rpi:finegrainedtype/5e98ceaf-472d-43ed-a08d-77484a1adf2f/HC00002Z8/4166/4173/PER_Combatant		
entity:6089aa40-b19c-4ae2-8714-a55d86c7a64e	rdf:type	ldc:GPE.UrbanArea.City	rpi:finegrainedtype/6089aa40-b19c-4ae2-8714-a55d86c7a64e/HC00002Z8/7952/7960/GPE_UrbanArea_City	"Semenivka"	"LDC2019E43:694590"|"LDC2019E43:694603"|"LDC2019E43:694620"
entity:60e088a8-d7b4-43c4-8891-bf36f3374d58	rdf:type	ldc:FAC.Installation.Airport	rpi:finegrainedtype/60e088a8-d7b4-43c4-8891-bf36f3374d58/HC00002Z8/2183/2190/FAC_Installation_Airport		
entity:640aeb06-7086-4b9b-b8a4-2ae3c91efb59	rdf:type	ldc:VAL.Number.Number	isi:gaia/assertions/a8052bb0-9c56-4c8f-8c3c-f4d55eba8610	"34"	
entity:6433a8d1-c6e0-4cfd-bf88-1e34dea39c5b	rdf:type	ldc:ORG.Government.LawEnforcementAgency	isi:gaia/assertions/6aad2195-8d2c-4ef3-8876-405c7182423e		
entity:64a57dce-6848-4f8c-99c9-d0750bdc9810	rdf:type	ldc:VAL	isi:gaia/assertions/e6649f3f-eec2-4899-b6c9-87e03ff1fdb8	"19 April 2014"	
entity:6585eb4f-32ef-424d-a74c-c2a7892f40f9	rdf:type	ldc:VAL.Number.Number	isi:gaia/assertions/1baeb72c-2bd2-4a7f-90af-132fc43f052c	"5"	
entity:6a4bfd90-a68d-470e-af7d-4330bf427770	rdf:type	ldc:VAL	isi:gaia/assertions/40788a07-dd20-4c52-a1c5-85e1494f96f2		
entity:6b0486f2-11e9-4cea-aaea-52bf1a11a4f8	rdf:type	ldc:VAL.Number.Number	isi:gaia/assertions/5dbde5c9-9e10-4962-9d38-87295d3555ab	"18"	
entity:6bae5f67-6ebc-45d6-8231-a61c5be03f6e	rdf:type	ldc:VAL.Number.Number	isi:gaia/assertions/3a230e2f-d0df-4965-8f64-7d887a76f6ab	"thirty"	
entity:6bddf6fd-0b89-4227-92ba-3f090c5d61b1	rdf:type	ldc:GPE.Country.Country	isi:gaia/assertions/f1ce1206-f0a2-4a72-bb27-3132f9265f20	"the People's Republic"	"LDC2019E43:1668284"|"LDC2019E43:1814991"|"LDC2019E43:4187204"|"LDC2019E43:4960817"
entity:6c53ee24-dc42-4d63-a272-ad6e1908361b	rdf:type	ldc:VAL.Number.Number	isi:gaia/assertions/e4103a73-fa21-4006-b251-a7dd633ce4a7	"four"	
entity:6c8ee5d4-4c44-475b-9c06-bc985e3d0c7f	rdf:type	ldc:VAL.Number.Number	isi:gaia/assertions/f1e42eb7-5382-4d4c-9033-6a895c2dc1c3	"23"	
entity:6ceb0db0-db8d-4de8-89dc-6d570516f74e	rdf:type	ldc:VAL.Number.Number	isi:gaia/assertions/cde1e8af-8a95-4915-98f9-6e06b0e66c5d	"44"	
entity:6e340c10-a07f-400f-be71-8881fe6bace0	rdf:type	ldc:VAL	isi:gaia/assertions/c99c6460-d0d2-421c-9832-ddd2444dc314		
entity:6e3e3711-251e-4472-9cba-425ea47b03a8	rdf:type	ldc:FAC	rpi:finegrainedtype/6e3e3711-251e-4472-9cba-425ea47b03a8/HC00002Z8/2959/2963/FAC		
entity:6f35dfda-acfe-45da-8e05-2cc46ccf7f42	rdf:type	ldc:VAL.Number.Number	isi:gaia/assertions/21a81645-7770-498a-90a3-d4300de60ca4	"40"	
entity:6fa294ee-9d7a-414b-90fb-9ec02113c65c	rdf:type	ldc:VAL	isi:gaia/assertions/20ab62bb-5171-4f5e-a337-4d39e13395b9		
entity:6feeb5f2-a3cf-4397-802e-b8378231d351	rdf:type	ldc:VAL.Number.Number	isi:gaia/assertions/9e108e17-cf57-4d22-a352-44dc2f72f938	"10"	
entity:706649f5-1e01-47ee-a5e7-8ae80951e688	rdf:type	ldc:PER	rpi:finegrainedtype/706649f5-1e01-47ee-a5e7-8ae80951e688/HC00002Z8/7100/7108/PER		
entity:71be8687-73db-492c-9930-93143e7da8ca	rdf:type	ldc:PER	rpi:finegrainedtype/71be8687-73db-492c-9930-93143e7da8ca/HC00002Z8/3533/3536/PER		
entity:72568b33-a52a-4097-a08e-f599d92ec766	rdf:type	ldc:WEA.Cannon.Cannon	rpi:finegrainedtype/72568b33-a52a-4097-a08e-f599d92ec766/HC00002Z8/5717/5722/WEA_Cannon_Cannon		
entity:72568b33-a52a-4097-a08e-f599d92ec766	rdf:type	ldc:WEA.ThrownProjectile	rpi:finegrainedtype/72568b33-a52a-4097-a08e-f599d92ec766/HC00002Z8/5717/5722/WEA_ThrownProjectile		
entity:75e59ee4-de42-4a81-bfe6-24ad297e0785	rdf:type	ldc:VEH.Watercraft	rpi:finegrainedtype/75e59ee4-de42-4a81-bfe6-24ad297e0785/HC00002Z8/5724/5730/VEH_Watercraft		
entity:761a8881-a29e-4923-89bd-061a1b83b42b	rdf:type	ldc:VAL.Number.Number	isi:gaia/assertions/5f69981a-d87c-4275-be79-484c13d75824	"Four"	
entity:77cb9e48-cab6-40d3-8af4-32dcd3cb2619	rdf:type	ldc:VAL	isi:gaia/assertions/48286934-c630-4010-b18c-3714d372bb83		
entity:79969b4c-cf9e-4eb7-8123-c7714e087454	rdf:type	ldc:FAC.Building	rpi:finegrainedtype/79969b4c-cf9e-4eb7-8123-c7714e087454/HC00002Z8/1147/1154/FAC_Building		
entity:79969b4c-cf9e-4eb7-8123-c7714e087454	rdf:type	ldc:FAC.Structure	rpi:finegrainedtype/79969b4c-cf9e-4eb7-8123-c7714e087454/HC00002Z8/1147/1154/FAC_Structure		
entity:7ab86777-b6c3-4387-b9b2-fe3cc12cc825	rdf:type	ldc:WEA.Cannon.Cannon	rpi:finegrainedtype/7ab86777-b6c3-4387-b9b2-fe3cc12cc825/HC00002Z8/6724/6730/WEA_Cannon_Cannon		
entity:7ab86777-b6c3-4387-b9b2-fe3cc12cc825	rdf:type	ldc:WEA.Gun.Artillery	rpi:finegrainedtype/7ab86777-b6c3-4387-b9b2-fe3cc12cc825/HC00002Z8/6724/6730/WEA_Gun_Artillery		
entity:7abf2a90-95e6-4665-a547-e01545a33847	rdf:type	ldc:VAL.Number.Number	isi:gaia/assertions/ff0d8e29-ca80-414c-b7ae-a0a496bc9ca4	"19"	
entity:7c4d5804-9e2a-4b29-a497-273a41ed6430	rdf:type	ldc:PER.ProfessionalPosition	rpi:finegrainedtype/7c4d5804-9e2a-4b29-a497-273a41ed6430/HC00002Z8/3662/3667/PER_ProfessionalPosition		
entity:7c4d5804-9e2a-4b29-a497-273a41ed6430	rdf:type	ldc:PER.ProfessionalPosition.Scientist	rpi:finegrainedtype/7c4d5804-9e2a-4b29-a497-273a41ed6430/HC00002Z8/3662/3667/PER_ProfessionalPosition_Scientist		
entity:7db6b376-4a90-4f45-8d34-b25af5a43213	rdf:type	ldc:VAL	isi:gaia/assertions/4df4b355-4085-4986-bb5b-9f283c3db655		
entity:8390954f-df35-44af-98bf-b836c5aa7c7f	rdf:type	ldc:PER	rpi:finegrainedtype/8390954f-df35-44af-98bf-b836c5aa7c7f/HC00002Z8/2628/2630/PER		
entity:8615a5e7-2caf-46e5-b5a7-5cfc06d2ebc1	rdf:type	ldc:TTL	isi:gaia/assertions/b5349f4a-b80e-4e58-9015-85c9496c1a2e	"leader"	
entity:87b528a8-bf03-40ab-b571-0c6909cccb95	rdf:type	ldc:PER	rpi:finegrainedtype/87b528a8-bf03-40ab-b571-0c6909cccb95/HC00002Z8/6758/6766/PER		
entity:88de632b-7511-4a11-92c5-e2dc3264a643	rdf:type	ldc:VAL	isi:gaia/assertions/21d96e82-0ed6-492c-a9fd-393d9ddf2dcd		
entity:8ad69983-747e-4701-bbb8-8963d5a40b28	rdf:type	ldc:PER	rpi:finegrainedtype/8ad69983-747e-4701-bbb8-8963d5a40b28/HC00002Z8/7234/7237/PER		
entity:8adcd5a1-1379-47e8-ae12-f55bb8be9902	rdf:type	ldc:VAL.Number.Number	isi:gaia/assertions/56df19aa-88f7-4360-b23c-3706bdcf133c	"40"	
entity:8b0c78f7-642f-400b-b639-044e38fae3d0	rdf:type	ldc:PER.Politician.Mayor	rpi:finegrainedtype/8b0c78f7-642f-400b-b639-044e38fae3d0/HC00002Z8/1340/1344/PER_Politician_Mayor		
entity:8b0c78f7-642f-400b-b639-044e38fae3d0	rdf:type	ldc:PER.ProfessionalPosition.Minister	rpi:finegrainedtype/8b0c78f7-642f-400b-b639-044e38fae3d0/HC00002Z8/1340/1344/PER_ProfessionalPosition_Minister		
entity:8c3d4488-2802-4185-ae57-ab66fa13ff1d	rdf:type	ldc:VAL	isi:gaia/assertions/919a41a3-9e08-4ade-a6e7-d07c51829ae9		
entity:8c9c6b39-e022-4f1a-9e5b-7bf082da266b	rdf:type	ldc:VAL.Number.Number	isi:gaia/assertions/cf62717c-29ca-4253-95c4-afda464b72d6	"fifty"	
entity:8d3c5974-1690-44a7-9875-e75dbf412003	rdf:type	ldc:VAL	isi:gaia/assertions/a275be44-20e7-47d1-9d9d-fe4631b485bb		
entity:8dd058b5-bde8-4b2a-9dd7-511a0b5fff55	rdf:type	ldc:ORG.MilitaryOrganization	rpi:finegrainedtype/8dd058b5-bde8-4b2a-9dd7-511a0b5fff55/HC00002Z8/2910/2933/ORG_MilitaryOrganization	"Donbass People's Militia"|"the Donbass People's Militia"	"LDC2019E43:80000079"
entity:8dd058b5-bde8-4b2a-9dd7-511a0b5fff55	rdf:type	ldc:ORG.MilitaryOrganization	rpi:finegrainedtype/9814647b-5590-4c4b-a2b0-0ebdda285437/HC00002Z8/943/970/ORG_MilitaryOrganization	"Donbass People's Militia"|"the Donbass People's Militia"	"LDC2019E43:80000079"
entity:8df3a924-880a-41f1-9136-88163540f017	rdf:type	ldc:GPE.ProvinceState.ProvinceState	rpi:finegrainedtype/8df3a924-880a-41f1-9136-88163540f017/HC00002Z8/2098/2111/GPE_ProvinceState_ProvinceState	"Donetsk Oblast"	"LDC2019E43:496266"|"LDC2019E43:709716"
entity:8e372b13-a685-4248-82f3-4ec45d769cb8	rdf:type	ldc:GPE	isi:gaia/assertions/93686773-6ab5-4dee-9362-e2d174476484		
entity:8e97e2c0-5ed1-4ae3-81bc-f66cedd2d8e5	rdf:type	ldc:PER.Combatant	rpi:finegrainedtype/8e97e2c0-5ed1-4ae3-81bc-f66cedd2d8e5/HC00002Z8/4397/4406/PER_Combatant		
entity:8ed1c2d1-de84-4934-b3e7-7e219a2b7f8d	rdf:type	ldc:VAL	isi:gaia/assertions/040e363f-42f4-41f9-ad20-fcaaff560d86		
entity:8f1226be-5a5c-40be-89b4-68fc96e6666f	rdf:type	ldc:VAL.Number.Number	isi:gaia/assertions/e3b51ba7-3883-4e83-b0f2-a7d27c2f017f	"five"	
entity:8f6c504e-697a-4049-8f57-921457fee819	rdf:type	ldc:VEH.MilitaryVehicle.Tank	rpi:finegrainedtype/8f6c504e-697a-4049-8f57-921457fee819/HC00002Z8/6713/6717/VEH_MilitaryVehicle_Tank		
entity:90457320-ee8b-443b-9a3e-3e273fe44919	rdf:type	ldc:VAL	isi:gaia/assertions/09e74fc1-18a7-45ec-b2b8-67099be93a5f		
entity:90eeec9d-1428-45bf-8fde-1e672a3572bb	rdf:type	ldc:VAL.Number.Number	isi:gaia/assertions/9ddde580-a0e8-46bc-84e6-574422af6550	"four"	
entity:91ed9512-b080-4982-9d78-8a6a1c9e06ac	rdf:type	ldc:VAL.Number.Number	isi:gaia/assertions/385aae4c-2465-420c-b5e3-be85008d74d7	"41"	
entity:9308d025-b716-4f30-a34f-22545993b12f	rdf:type	ldc:VAL	isi:gaia/assertions/a42ee6a1-412e-4049-8f83-8acc43a8edb9		
entity:950a0def-24f2-4110-a12f-3f74811ec05c	rdf:type	ldc:VAL	isi:gaia/assertions/c0e03a4b-ffb8-4bc7-93cf-54fbeb9d32a8		
entity:963e65c7-d8a8-4258-a72e-29f09d28458b	rdf:type	ldc:VAL.Number.Number	isi:gaia/assertions/e986720f-9c8d-43e4-b4b5-cd7f4070d103	"one"	
entity:9645249d-629f-48d5-b55d-5e96cebe4c02	rdf:type	ldc:FAC.Way.Street	rpi:finegrainedtype/9645249d-629f-48d5-b55d-5e96cebe4c02/HC00002Z8/5260/5263/FAC_Way_Street		
entity:972b99a1-a595-4335-aeb3-20353a242c6b	rdf:type	ldc:FAC.Building	rpi:finegrainedtype/972b99a1-a595-4335-aeb3-20353a242c6b/HC00002Z8/5127/5130/FAC_Building		
entity:972b99a1-a595-4335-aeb3-20353a242c6b	rdf:type	ldc:FAC.Structure	rpi:finegrainedtype/972b99a1-a595-4335-aeb3-20353a242c6b/HC00002Z8/5127/5130/FAC_Structure		
entity:972b99a1-a595-4335-aeb3-20353a242c6b	rdf:type	ldc:FAC.Way	rpi:finegrainedtype/972b99a1-a595-4335-aeb3-20353a242c6b/HC00002Z8/5127/5130/FAC_Way		
entity:98213d06-06ef-4f35-834a-ac751bf1ab5d	rdf:type	ldc:FAC.Building	rpi:finegrainedtype/98213d06-06ef-4f35-834a-ac751bf1ab5d/HC00002Z8/3189/3197/FAC_Building		
entity:98213d06-06ef-4f35-834a-ac751bf1ab5d	rdf:type	ldc:FAC.Structure.Barricade	rpi:finegrainedtype/98213d06-06ef-4f35-834a-ac751bf1ab5d/HC00002Z8/3189/3197/FAC_Structure_Barricade		
entity:9911ecfc-e6b9-41a4-a488-30075e439aa8	rdf:type	ldc:GPE.Country.Country	rpi:finegrainedtype/9911ecfc-e6b9-41a4-a488-30075e439aa8/HC00002Z8/5154/5162/GPE_Country_Country	"Ukraine"|"Ukrainian"	"LDC2019E43:690791"|"LDC2019E43:696643"|"LDC2019E43:703883"|"LDC2019E43:8053946"
entity:9b3f4545-f16f-4cbb-aa53-f27f10860020	rdf:type	ldc:ORG.MilitaryOrganization.GovernmentArmedForces	rpi:finegrainedtype/9b3f4545-f16f-4cbb-aa53-f27f10860020/HC00002Z8/7877/7890/ORG_MilitaryOrganization_GovernmentArmedForces	"Ukrainian Army"	"LDC2019E43:80000078"|"LDC2019E43:80000090"
entity:9bf8148f-47ea-40cf-aa3e-433240d7aa9e	rdf:type	ldc:VAL	isi:gaia/assertions/751d00fe-1ae1-4dc9-a9ef-5904068ec4d4		
entity:9c7083cd-5503-4284-bb78-9df6471455c7	rdf:type	ldc:VAL	isi:gaia/assertions/b7897d02-9ca2-48d2-baa4-9b596615b16c	"11 May 2014"	
entity:9e1446d5-7a74-4ec0-b1da-0c2d010aa24a	rdf:type	ldc:VEH.Aircraft.Helicopter	rpi:finegrainedtype/9e1446d5-7a74-4ec0-b1da-0c2d010aa24a/HC00002Z8/6013/6023/VEH_Aircraft_Helicopter	"Mil Mi-24"	
entity:a17a378b-af3b-4bf6-bbd2-450cca4c2a86	rdf:type	ldc:TTL	isi:gaia/assertions/bd044168-db16-463d-b059-9124cc62106e	"pilot"	
entity:a2596dc1-c47d-4f2d-8325-4b2368c3aae9	rdf:type	ldc:VAL.Number.Number	isi:gaia/assertions/954d5c67-0e90-4ca1-9b3a-d3812720c637	"21"	
entity:a342fb2c-fdfe-499c-984a-3f35a4b33fcb	rdf:type	ldc:VAL.Number.Number	isi:gaia/assertions/4d950f86-4e96-4f0c-9289-1bb9a7afcf32	"one"	
entity:a548b826-2f7f-413f-95d9-0fe5e82d3548	rdf:type	ldc:VAL.Number.Number	isi:gaia/assertions/b6f935e7-81e5-4d1d-8a13-5add27a454f4	"three"	
entity:a58c1eed-be77-4b4e-8144-ce0cf0f2ff4c	rdf:type	ldc:ORG.MilitaryOrganization.GovernmentArmedForces	isi:gaia/assertions/608689f3-274f-4e70-a916-a3b5de9e1cd1		
entity:a5e18e2b-24c1-42c3-a106-cd0f37896073	rdf:type	ldc:VAL	isi:gaia/assertions/2036dca1-db57-4b2c-8ed1-759ede978ae0		
entity:a66da3de-ca05-407c-83ac-3acc68b9c1b2	rdf:type	ldc:VAL.Number.Number	isi:gaia/assertions/a38844d1-052a-4b53-a413-56cdc707dcac	"31"	
entity:a7178ea8-23e6-45c4-b657-54fa3195c74d	rdf:type	ldc:VAL.Number.Number	isi:gaia/assertions/31472443-d476-4e5b-95f5-d28d367699bb	"and"	
entity:a7a189e8-00dc-4fae-bd2a-ebbe90930fb9	rdf:type	ldc:VAL.Number.Number	isi:gaia/assertions/933f63a7-9850-49a4-97b6-7c0f49ad9fad	"2"	
entity:a96cee0a-b988-4acb-8e67-beab505366e1	rdf:type	ldc:PER.Combatant	rpi:finegrainedtype/a96cee0a-b988-4acb-8e67-beab505366e1/HC00002Z8/1097/1111/PER_Combatant		
entity:aaa66197-0225-47b9-8b58-f5030a67192a	rdf:type	ldc:VAL.Number.Number	isi:gaia/assertions/6bf00e33-b408-4ccb-a816-e3fa0a4fc1fb	"twenty-two"	
entity:aac92451-6801-4b75-8dab-44562afd8a21	rdf:type	ldc:VAL.Number.Number	isi:gaia/assertions/f8b1ec44-2300-40e7-95b7-bc57b98fb51a	"14"	
entity:ab46abd4-0906-4d97-8877-0e9cb4564ea2	rdf:type	ldc:VAL	isi:gaia/assertions/63027a52-1084-4e1d-b590-f975055b45eb	"5 July 2014"	
entity:abe49605-2e66-47e9-af59-8351050b5a2d	rdf:type	ldc:VEH.Aircraft	rpi:finegrainedtype/abe49605-2e66-47e9-af59-8351050b5a2d/HC00002Z8/3854/3862/VEH_Aircraft		
entity:ae301857-1da8-4d24-827a-d5a8aa9d3269	rdf:type	ldc:GPE.UrbanArea.City	rpi:finegrainedtype/ae301857-1da8-4d24-827a-d5a8aa9d3269/HC00002Z8/592/595/GPE_UrbanArea_City		
entity:afcd1669-5523-46df-99c5-cdee60882931	rdf:type	ldc:VAL.Number.Number	isi:gaia/assertions/72ba9183-ebf3-44a6-ab25-0384d245660a	"20"	
entity:b2c20c78-31f5-4f33-8d2c-fd9f202fac27	rdf:type	ldc:VAL.Number.Number	isi:gaia/assertions/a7d973f3-3c0a-4cb0-990f-b7a12b7e27d6	"39"	
entity:b4101530-28e1-4c62-b36c-58bd90c03584	rdf:type	ldc:VAL	isi:gaia/assertions/61f095c7-39a6-4f91-a6f0-ced57fa4e484		
entity:b5e82844-37d0-410e-92cd-3b79a52b96b9	rdf:type	ldc:VAL.Number.Number	isi:gaia/assertions/62cde25a-33db-4b39-a300-5de050e6037c	"9"	
entity:b6824c74-f343-41b5-8f97-a31832d01421	rdf:type	ldc:VAL.Number.Number	isi:gaia/assertions/63b79792-f524-490d-8b6e-f66f2e232769	"24"	
entity:b6d58c5e-68f9-4d5f-86b0-a1ab8a70909e	rdf:type	ldc:VEH.MilitaryVehicle.Tank	rpi:finegrainedtype/b6d58c5e-68f9-4d5f-86b0-a1ab8a70909e/HC00002Z8/3419/3421/VEH_MilitaryVehicle_Tank		
entity:b6d58c5e-68f9-4d5f-86b0-a1ab8a70909e	rdf:type	ldc:VEH.WheeledVehicle	rpi:finegrainedtype/b6d58c5e-68f9-4d5f-86b0-a1ab8a70909e/HC00002Z8/3419/3421/VEH_WheeledVehicle		
entity:bb729095-2592-4e3d-aa40-cf1a48b01383	rdf:type	ldc:GPE.Country.Country	rpi:finegrainedtype/bb729095-2592-4e3d-aa40-cf1a48b01383/HC00002Z8/4527/4533/GPE_Country_Country	"Russian"|"russian"	"LDC2019E43:2017370"|"LDC2019E43:3796638"|"LDC2019E43:504176"|"LDC2019E43:5134662"|"LDC2019E43:5168839"
entity:bcacf1b7-751a-4dbf-a11c-1ad416432711	rdf:type	ldc:TTL	isi:gaia/assertions/0eed179e-0daf-4675-a681-d714dd8fdb56	"prime minister"	
entity:bd6d736d-7766-4cd3-b81b-a2b88b1bef17	rdf:type	ldc:VAL.Number.Number	isi:gaia/assertions/4afb0d4c-71ca-46d7-8f18-83d814d814c1	"13"	
entity:be122fcf-7197-4b6e-ac7a-0d725d091ecc	rdf:type	ldc:FAC.Installation.MilitaryInstallation	rpi:finegrainedtype/be122fcf-7197-4b6e-ac7a-0d725d091ecc/HC00002Z8/1848/1864/FAC_Installation_MilitaryInstallation	"military airfield"	"LDC2019E43:80000009"
entity:c1265dc2-3eec-4c44-bdbe-62263747bf30	rdf:type	ldc:SID	rpi:finegrainedtype/c1265dc2-3eec-4c44-bdbe-62263747bf30/HC00002Z8/519/521/SID		"LDC2019E43:80000054"|"LDC2019E43:80000079"|"LDC2019E43:80000307"
entity:c28881e4-ab62-4400-945e-6c622988bdd8	rdf:type	ldc:PER.ProfessionalPosition.Journalist	rpi:finegrainedtype/c28881e4-ab62-4400-945e-6c622988bdd8/HC00002Z8/3636/3649/PER_ProfessionalPosition_Journalist	"Dmitry Tymchuk"	
entity:c32bb2f7-eb58-4612-b101-dbfcee3e84ae	rdf:type	ldc:ORG.Association.Club	rpi:finegrainedtype/c32bb2f7-eb58-4612-b101-dbfcee3e84ae/HC00002Z8/563/565/ORG_Association_Club	"DPR"	"LDC2019E43:80000046"|"LDC2019E43:80000051"
entity:c32bb2f7-eb58-4612-b101-dbfcee3e84ae	rdf:type	ldc:ORG.Association.Team	rpi:finegrainedtype/c32bb2f7-eb58-4612-b101-dbfcee3e84ae/HC00002Z8/563/565/ORG_Association_Team	"DPR"	"LDC2019E43:80000046"|"LDC2019E43:80000051"
entity:c32bb2f7-eb58-4612-b101-dbfcee3e84ae	rdf:type	ldc:ORG.MilitaryOrganization.GovernmentArmedForces	rpi:finegrainedtype/c32bb2f7-eb58-4612-b101-dbfcee3e84ae/HC00002Z8/563/565/ORG_MilitaryOrganization_GovernmentArmedForces	"DPR"	"LDC2019E43:80000046"|"LDC2019E43:80000051"
entity:c32bb2f7-eb58-4612-b101-dbfcee3e84ae	rdf:type	ldc:ORG.PoliticalOrganization.Party	rpi:finegrainedtype/c32bb2f7-eb58-4612-b101-dbfcee3e84ae/HC00002Z8/563/565/ORG_PoliticalOrganization_Party	"DPR"	"LDC2019E43:80000046"|"LDC2019E43:80000051"
entity:c4bfbf85-ad92-4d57-9a5e-24a1f53e21b2	rdf:type	ldc:VAL.Number.Number	isi:gaia/assertions/4462890d-5404-4681-b812-e02f5a64ef5a	"33"	
entity:c61908e7-3984-441d-9f19-3fb7b2786e62	rdf:type	ldc:ORG.Government	rpi:finegrainedtype/c61908e7-3984-441d-9f19-3fb7b2786e62/HC00002Z8/3261/3270/ORG_Government		
entity:c6f32b90-6038-40c0-97e4-6d3f7fd76c03	rdf:type	ldc:VEH.WheeledVehicle	rpi:finegrainedtype/c6f32b90-6038-40c0-97e4-6d3f7fd76c03/HC00002Z8/2781/2784/VEH_WheeledVehicle		
entity:c72e94f4-e4d1-45de-966f-b52cf4d6de5e	rdf:type	ldc:FAC.Building	rpi:finegrainedtype/c72e94f4-e4d1-45de-966f-b52cf4d6de5e/HC00002Z8/4072/4076/FAC_Building		
entity:c72e94f4-e4d1-45de-966f-b52cf4d6de5e	rdf:type	ldc:FAC.Structure.Tower	rpi:finegrainedtype/c72e94f4-e4d1-45de-966f-b52cf4d6de5e/HC00002Z8/4072/4076/FAC_Structure_Tower		
entity:c82c0029-4968-4cc4-b3e1-5d395ed30cd0	rdf:type	ldc:FAC.Building	rpi:finegrainedtype/c82c0029-4968-4cc4-b3e1-5d395ed30cd0/HC00002Z8/7789/7796/FAC_Building		
entity:c82c0029-4968-4cc4-b3e1-5d395ed30cd0	rdf:type	ldc:FAC.Structure	rpi:finegrainedtype/c82c0029-4968-4cc4-b3e1-5d395ed30cd0/HC00002Z8/7789/7796/FAC_Structure		
entity:c8f4aab5-cd9a-46fe-9351-19b215c76f63	rdf:type	ldc:ORG.MilitaryOrganization.GovernmentArmedForces	rpi:finegrainedtype/c8f4aab5-cd9a-46fe-9351-19b215c76f63/HC00002Z8/55/81/ORG_MilitaryOrganization_GovernmentArmedForces	"the Armed Forces of Ukraine"	
entity:c9250f4f-fe9a-4cd0-8a94-f0bede1da32b	rdf:type	ldc:VAL	isi:gaia/assertions/463ba0f8-e6c4-4be0-b791-7077ebb0a5e7		
entity:ca739d7b-f49e-40a9-95f0-da4d0a4b2023	rdf:type	ldc:VEH.WheeledVehicle	rpi:finegrainedtype/ca739d7b-f49e-40a9-95f0-da4d0a4b2023/HC00002Z8/5567/5573/VEH_WheeledVehicle		
entity:cb14e199-571a-4262-a92f-b295d154f346	rdf:type	ldc:ORG.MilitaryOrganization	rpi:finegrainedtype/cb14e199-571a-4262-a92f-b295d154f346/HC00002Z8/2114/2140/ORG_MilitaryOrganization	"The Ukrainian Ground Forces"	
entity:cb9ca65d-9025-432f-8b39-e27755b95f61	rdf:type	ldc:GPE.UrbanArea.City	rpi:finegrainedtype/cb9ca65d-9025-432f-8b39-e27755b95f61/HC00002Z8/7503/7509/GPE_UrbanArea_City	"Donetsk"	"LDC2019E43:565348"|"LDC2019E43:709716"|"LDC2019E43:709717"
entity:cbb6d61c-3e85-4ee0-9183-501fdfb3f066	rdf:type	ldc:VAL.Number.Number	isi:gaia/assertions/649b87f7-4f40-4bf6-9b09-ff8892964aec	"37"	
entity:cd22522e-fdb4-4e20-934f-877d236b0068	rdf:type	ldc:VEH.Watercraft.Boat	rpi:finegrainedtype/cd22522e-fdb4-4e20-934f-877d236b0068/HC00002Z8/3844/3852/VEH_Watercraft_Boat		
entity:ceb83cac-4a16-44b9-9e49-4821a44501ee	rdf:type	ldc:ORG.CommercialOrganization	rpi:finegrainedtype/ceb83cac-4a16-44b9-9e49-4821a44501ee/HC00002Z8/7272/7279/ORG_CommercialOrganization	"BBC News"	
entity:d04939dc-b699-4be4-848f-717ae8d51ee1	rdf:type	ldc:VAL.Number.Number	isi:gaia/assertions/93e050a1-e8e1-4f12-bc54-d8e26c114af2	"three"	
entity:d0ca07c4-4c30-440b-81f4-657f625fa4fe	rdf:type	ldc:VAL.Number.Number	isi:gaia/assertions/173c283c-7fc8-4b1d-b007-682667f8e3c6	"19"	
entity:d13a9c25-6661-4d56-a6ac-80664bea180f	rdf:type	ldc:VAL.Number.Number	isi:gaia/assertions/84868a9c-5458-4979-957a-287992f8dc53	"28"	
entity:d1dcefce-badf-4948-bfcf-5d33116fa12c	rdf:type	ldc:GPE.UrbanArea.City	rpi:finegrainedtype/d1dcefce-badf-4948-bfcf-5d33116fa12c/HC00002Z8/3963/3971/GPE_UrbanArea_City	"Sloviansk"	"LDC2019E43:2016430"|"LDC2019E43:492094"|"LDC2019E43:693468"
entity:d21b8cb7-939f-4406-8832-a3439e04e8c4	rdf:type	ldc:PER	rpi:finegrainedtype/d21b8cb7-939f-4406-8832-a3439e04e8c4/HC00002Z8/7295/7303/PER		
entity:d3200fdc-ec57-4b65-b002-cec3c423a757	rdf:type	ldc:VAL.Number.Number	isi:gaia/assertions/e2f6c54e-23cf-45c7-8448-f8f574e00e6b	"43"	
entity:d4f53219-f6ab-4b1a-845a-7a76604218c1	rdf:type	ldc:PER	rpi:finegrainedtype/d4f53219-f6ab-4b1a-845a-7a76604218c1/HC00002Z8/1923/1928/PER		
entity:d6cf4bcb-8d8c-4331-9cba-c6c0c5836abf	rdf:type	ldc:VAL	isi:gaia/assertions/96087aef-7afa-4214-973b-02fca7ea3f05		
entity:db112c4b-b4c8-4e4a-ad55-5c4e0c586f0a	rdf:type	ldc:ORG.MilitaryOrganization.GovernmentArmedForces	rpi:finegrainedtype/db112c4b-b4c8-4e4a-ad55-5c4e0c586f0a/HC00002Z8/2649/2660/ORG_MilitaryOrganization_GovernmentArmedForces		
entity:dc1229bb-28df-4409-93f3-8259e9c07966	rdf:type	ldc:VAL.Number.Number	isi:gaia/assertions/acbf15e7-f711-4960-8ee9-6e9863598b5b	"four"	
entity:dfb870a8-7bb7-4fab-bb54-3c655dad7713	rdf:type	ldc:PER	rpi:finegrainedtype/dfb870a8-7bb7-4fab-bb54-3c655dad7713/HC00002Z8/3673/3680/PER		
entity:e0ac1856-1fc0-4c00-abb8-c7b2857a1808	rdf:type	ldc:VAL.Number.Number	isi:gaia/assertions/8c6cf1d6-75f5-47f7-bcfb-5cd452ef7dd6	"36"	
entity:e0eeacaf-05a9-46c3-8414-a555514315b6	rdf:type	ldc:VAL.Number.Number	isi:gaia/assertions/f0fba2bf-079c-4d94-9daa-749e14ff3b3d	"35"	
entity:e0fba62e-b412-4d88-b7c5-109722697f80	rdf:type	ldc:VAL.Number.Number	isi:gaia/assertions/97dfdc48-d729-4ef3-bafa-963767dd7a7d	"12"	
entity:e218e0ce-0f42-40bf-a4aa-cba2cc5c2ffa	rdf:type	ldc:ORG.Government	rpi:finegrainedtype/e218e0ce-0f42-40bf-a4aa-cba2cc5c2ffa/HC00002Z8/7619/7632/ORG_Government		
entity:e34874a6-a857-4f14-8aee-9947d3e9caaf	rdf:type	ldc:VAL.Number.Number	isi:gaia/assertions/81c639c0-b737-4982-8c97-4841fa892cdc	"32"	
entity:e38761b4-0cce-4689-bbc0-3df8b682b049	rdf:type	ldc:LOC.Position.Region	rpi:finegrainedtype/e38761b4-0cce-4689-bbc0-3df8b682b049/HC00002Z8/1946/1949/LOC_Position_Region		
entity:e6188e25-5e46-46db-b00f-23fe3e0d76c5	rdf:type	ldc:TTL	isi:gaia/assertions/43a4e014-55f0-40c4-bbb7-b8b6beccb8f5	"director"	
entity:e7ff9d5c-c284-42b5-8f63-97e25a71e787	rdf:type	ldc:WEA.ThrownProjectile	rpi:finegrainedtype/e7ff9d5c-c284-42b5-8f63-97e25a71e787/HC00002Z8/1189/1192/WEA_ThrownProjectile		
entity:eaff3673-b32b-4d3d-ac52-f2886cebf8c5	rdf:type	ldc:FAC.Building	rpi:finegrainedtype/eaff3673-b32b-4d3d-ac52-f2886cebf8c5/HC00002Z8/7171/7180/FAC_Building		
entity:ec2acff9-631d-4024-96c6-96573cd5d22e	rdf:type	ldc:ORG.Association	rpi:finegrainedtype/ec2acff9-631d-4024-96c6-96573cd5d22e/HC00002Z8/3685/3729/ORG_Association	"the Centre of Military and Political Research"	
entity:ecf050d1-8955-4c1b-bc84-1387184cf445	rdf:type	ldc:ORG.Association	isi:gaia/assertions/d707e616-8846-4419-b051-1b8c46b6706e		
entity:ed4f02d3-8572-4daf-b8ba-995abc45db30	rdf:type	ldc:VAL.Number.Number	isi:gaia/assertions/50c1e2b9-42f8-4f0c-b0ac-252677638ab0	"15"	
entity:ee4172f4-ecba-42e3-a1ef-cce75849b719	rdf:type	ldc:PER	rpi:finegrainedtype/ee4172f4-ecba-42e3-a1ef-cce75849b719/HC00002Z8/7119/7122/PER		
entity:eec532c4-dc9f-4f42-8a3c-56cd14de8c9d	rdf:type	ldc:PER	rpi:finegrainedtype/eec532c4-dc9f-4f42-8a3c-56cd14de8c9d/HC00002Z8/2549/2557/PER		
entity:ef586cbf-29ff-492d-9e83-b4d3288baef3	rdf:type	ldc:VEH.Aircraft.Helicopter	rpi:finegrainedtype/ef586cbf-29ff-492d-9e83-b4d3288baef3/HC00002Z8/3550/3559/VEH_Aircraft_Helicopter		
entity:f3bcd992-2460-4ba5-bd84-9a31b8e106bc	rdf:type	ldc:VAL.Number.Number	isi:gaia/assertions/eab2d30e-18ae-4eee-8f0e-f9b4c398b13b	"33"	
entity:f419d33c-9cc1-4dbd-b633-83a26a85857d	rdf:type	ldc:VAL.Number.Number	isi:gaia/assertions/635ab3a1-a90a-4a63-9d38-656c629154eb	"17"	
entity:f4dac7ff-acb0-4c99-b04c-6ac302f1de0b	rdf:type	ldc:VAL.Number.Number	isi:gaia/assertions/9e100f89-e0ba-406f-b456-8c93cf2a0d18	"19"	
entity:f8053536-b7a9-4e07-b2b6-deb22dacbed0	rdf:type	ldc:VAL.Number.Number	isi:gaia/assertions/1671d914-1c68-40c1-943a-f49a99df914d	"eight"	
entity:f92b5062-98f1-4b67-b104-655071159395	rdf:type	ldc:VEH.WheeledVehicle	rpi:finegrainedtype/f92b5062-98f1-4b67-b104-655071159395/HC00002Z8/5500/5516/VEH_WheeledVehicle		
entity:fb3fce97-9d51-45f6-aa35-096b52e3b2bc	rdf:type	ldc:VAL	isi:gaia/assertions/a6f77879-128d-4341-80fb-827dac9f4a87		
entity:fbc758f0-d19f-4faa-bb06-d042f7884144	rdf:type	ldc:ORG.CommercialOrganization.NewsAgency	rpi:finegrainedtype/fbc758f0-d19f-4faa-bb06-d042f7884144/HC00002Z8/4535/4539/ORG_CommercialOrganization_NewsAgency		
entity:fbf6e4a1-54e2-423c-92e2-75b2f2aab53b	rdf:type	ldc:PER.Combatant	rpi:finegrainedtype/fbf6e4a1-54e2-423c-92e2-75b2f2aab53b/HC00002Z8/5592/5599/PER_Combatant		
entity:fbf6e4a1-54e2-423c-92e2-75b2f2aab53b	rdf:type	ldc:PER.MilitaryPersonnel	rpi:finegrainedtype/fbf6e4a1-54e2-423c-92e2-75b2f2aab53b/HC00002Z8/5592/5599/PER_MilitaryPersonnel		
entity:fcb78e77-4962-4fca-977b-aea84bfa3ddd	rdf:type	ldc:GPE.UrbanArea.City	rpi:finegrainedtype/fcb78e77-4962-4fca-977b-aea84bfa3ddd/HC00002Z8/5360/5369/GPE_UrbanArea_City	"Kramatorsk"	"LDC2019E43:704508"
entity:fdd7cdbd-6545-4d49-ad90-69acb3435348	rdf:type	ldc:VAL.Number.Number	isi:gaia/assertions/995b136e-5946-4f04-8de7-23f13a61c8ea	"29"	
